id;name;check_in_date;check_out_date;price_per_night;child_price_per_night;num_of_nights;razorpay_payment_id;razorpay_order_id;razorpay_signature;discount;total_amount;created_by;created_date;updated_by;update_date
1;Auto system needs-based;2021-09-20T19:37:50;2021-09-20T16:22:07;40680;47536;23397;4th;deposit ivory Tools;Team-oriented;90362;30050;Grocery Mill;2021-09-20T20:24:56;2021-09-21T01:37:49;2021-09-21T07:32:11
2;Frozen;2021-09-21T03:32:41;2021-09-21T15:43:30;75711;17948;71108;transmitting;directional;Shirt system;68760;98255;Global line;2021-09-20T23:04:38;2021-09-21T09:08:58;2021-09-20T18:26:12
3;Zloty Wooden Ranch;2021-09-21T09:51:15;2021-09-21T02:24:48;29263;53377;71520;Gorgeous users foreground;Barthelemy Administrator;Toys Facilitator;90057;54205;complexity;2021-09-21T11:45:09;2021-09-21T05:40:52;2021-09-21T04:40:32
4;web Reunion Computer;2021-09-20T20:16:32;2021-09-21T05:21:38;58448;22068;53137;Loan Tasty;Health haptic index;black;75973;40198;Finland invoice disintermediate;2021-09-20T20:33:20;2021-09-21T14:23:20;2021-09-21T13:40:01
5;copying;2021-09-21T09:08:20;2021-09-20T17:19:29;60001;35742;50047;Buckinghamshire UIC-Franc;Chips indexing;Denmark withdrawal Peso;81154;27919;leading-edge;2021-09-20T21:14:15;2021-09-21T10:44:29;2021-09-21T11:10:21
6;channels Hryvnia;2021-09-20T23:13:33;2021-09-21T10:17:44;19256;82560;6656;Tactics PCI;green;Gorgeous navigate;49226;77660;Organic Towels Shirt;2021-09-20T21:19:05;2021-09-21T00:28:30;2021-09-21T14:00:03
7;architecture;2021-09-20T19:16:29;2021-09-20T17:56:08;47027;52181;94741;benchmark Soft driver;Borders Ball system;Gorgeous;97393;90525;Turkish;2021-09-21T11:44:36;2021-09-21T00:54:13;2021-09-21T09:08:00
8;Customer-focused hardware;2021-09-21T12:05:33;2021-09-21T13:16:27;55356;65875;66;Chair;Soft wireless;primary;32376;25510;Towels;2021-09-20T17:57:11;2021-09-20T22:38:31;2021-09-21T07:14:29
9;transmitter;2021-09-20T19:47:56;2021-09-21T01:15:45;77654;2746;34986;Kids Response;alarm multi-tasking;Manat;54198;11371;silver Steel Compatible;2021-09-21T06:35:38;2021-09-21T14:10:20;2021-09-21T12:38:39
10;Account virtual;2021-09-21T13:31:32;2021-09-21T09:40:50;3944;52308;31502;violet invoice tan;Outdoors bandwidth;invoice lime Bacon;63239;15405;Concrete Table;2021-09-21T00:04:04;2021-09-21T05:14:15;2021-09-21T01:57:16
