id;comment_text;created_by;created_date;updated_by;update_date
1;Berkshire implementation;contextually-based interfaces;2021-09-20T20:20:12;2021-09-20T21:06:58;2021-09-21T07:17:00
2;Refined Chair;Rubber;2021-09-21T10:46:47;2021-09-20T19:37:45;2021-09-21T02:22:10
3;Rubber state value-added;invoice SSL e-markets;2021-09-21T00:57:20;2021-09-21T13:48:49;2021-09-21T13:53:48
4;Account Mongolia;circuit;2021-09-21T04:05:17;2021-09-21T06:50:41;2021-09-21T06:34:48
5;protocol;Hill;2021-09-21T00:04:10;2021-09-21T08:50:06;2021-09-21T07:13:42
6;open-source Forint;cross-platform grow;2021-09-20T22:56:20;2021-09-21T09:58:18;2021-09-21T15:16:42
7;focus;Field circuit Loan;2021-09-21T00:06:29;2021-09-21T03:11:51;2021-09-21T11:03:55
8;engage;Ghana partnerships innovate;2021-09-21T04:31:42;2021-09-21T08:26:51;2021-09-20T21:42:00
9;Phased;Tajikistan;2021-09-20T23:05:38;2021-09-20T16:17:33;2021-09-21T06:06:13
10;open-source lavender;interactive Solutions Applications;2021-09-21T13:05:52;2021-09-21T08:18:59;2021-09-21T07:21:11
