id;image_url;created_by;created_date;updated_by;update_date
1;hack transition Islands;Assimilated Profound Soft;2021-09-20T23:06:37;2021-09-20T23:30:59;2021-09-20T19:18:27
2;cross-platform magenta;empowering Adaptive incentivize;2021-09-21T10:40:56;2021-09-21T00:07:09;2021-09-21T13:38:10
3;Louisiana Facilitator;deposit;2021-09-21T06:34:55;2021-09-21T10:11:42;2021-09-21T02:41:11
4;auxiliary Brazil Director;haptic;2021-09-21T03:50:37;2021-09-21T13:07:24;2021-09-21T09:48:51
5;ubiquitous Loan New;bifurcated interface;2021-09-20T18:22:46;2021-09-21T13:29:36;2021-09-21T10:31:04
6;Pants content-based Customer;Awesome;2021-09-21T11:49:15;2021-09-21T00:14:42;2021-09-20T18:12:16
7;grey matrix;Plastic Interactions Accountability;2021-09-20T16:44:08;2021-09-20T17:00:52;2021-09-21T15:16:04
8;Internal sky quantify;Plaza intangible Balboa;2021-09-21T06:49:27;2021-09-20T22:54:49;2021-09-21T03:42:50
9;parse panel Uruguay;scale bypassing generating;2021-09-21T06:15:59;2021-09-20T23:50:49;2021-09-20T23:04:10
10;back-end Shirt;ADP;2021-09-20T17:28:40;2021-09-20T23:17:46;2021-09-21T10:33:04
