id;alt;caption;description;href;src;title;created_by;created_date;updated_by;update_date
1;scalable;Fresh copying;conglomeration strategic Virginia;haptic Computers;protocol orchid;Rue;Strategist;2021-09-21T01:15:11;2021-09-21T09:58:35;2021-09-20T21:23:42
2;Usability;Grocery Ergonomic Towels;Steel orchestrate;Small;Avon;parse Awesome;bandwidth National Applications;2021-09-21T12:59:14;2021-09-21T02:47:38;2021-09-21T01:31:11
3;Estates;Chair;calculate Beauty parsing;Programmable calculate indexing;National Heard neutral;innovate Integration;Product;2021-09-20T20:12:21;2021-09-21T10:28:29;2021-09-20T17:28:31
4;payment;Books National;violet Small;schemas Direct;Fresh Steel Maryland;Avon Chief Flats;Architect Berkshire;2021-09-20T22:07:07;2021-09-20T19:57:31;2021-09-21T01:16:38
5;Berkshire Auto;Account;Grass-roots Card stable;Cotton Berkshire;Tasty Checking proactive;Credit target XSS;Plastic multimedia;2021-09-21T12:42:29;2021-09-21T07:16:09;2021-09-20T19:12:22
6;white;architectures;Legacy turquoise;pixel Granite UAE;COM Fish systemic;Organic of Paradigm;calculating Generic;2021-09-21T08:17:22;2021-09-21T06:34:56;2021-09-21T05:51:13
7;hacking Security 1080p;Personal parse Nicaragua;Tuna;Web;bus index;platforms Cheese Dynamic;e-services e-business;2021-09-20T16:52:38;2021-09-21T05:43:56;2021-09-21T14:54:52
8;PNG Incredible;Alaska;Chicken Account payment;Somali;connecting front-end Car;Soft impactful;Grocery Borders Factors;2021-09-20T23:04:27;2021-09-21T13:03:24;2021-09-20T20:40:49
9;transmitting generate budgetary;Rupiah Marketing;Kingdom distributed;Kansas;deposit Plastic;Pre-emptive;invoice Self-enabling;2021-09-20T23:52:26;2021-09-20T19:28:48;2021-09-21T09:31:36
10;Fantastic system iterate;copying Keyboard application;Crescent Colorado Iranian;invoice Kansas;Sleek Central;Dynamic;Principal port Station;2021-09-21T02:03:40;2021-09-21T04:32:44;2021-09-20T16:20:00
