id;rating;reviewb_body;created_by;created_date;updated_by;update_date
1;83583;../fake-data/blob/hipster.txt;deliverables XSS Guam;2021-09-21T08:14:10;2021-09-20T22:50:13;2021-09-21T06:53:59
2;63362;../fake-data/blob/hipster.txt;Credit payment virtual;2021-09-21T05:37:43;2021-09-21T02:28:25;2021-09-21T01:49:13
3;55095;../fake-data/blob/hipster.txt;Borders deposit;2021-09-20T23:39:49;2021-09-20T20:16:48;2021-09-20T19:07:57
4;16887;../fake-data/blob/hipster.txt;Organized connecting Bypass;2021-09-21T14:49:22;2021-09-21T04:36:35;2021-09-21T07:07:12
5;14007;../fake-data/blob/hipster.txt;Licensed;2021-09-21T07:34:59;2021-09-21T08:27:16;2021-09-21T01:27:44
6;72189;../fake-data/blob/hipster.txt;Handcrafted markets;2021-09-21T08:58:53;2021-09-20T18:16:07;2021-09-21T09:09:24
7;35193;../fake-data/blob/hipster.txt;Technician Industrial payment;2021-09-21T12:28:55;2021-09-21T03:40:48;2021-09-21T04:21:40
8;9291;../fake-data/blob/hipster.txt;Card Granite Georgia;2021-09-21T02:27:55;2021-09-20T18:16:50;2021-09-21T00:47:08
9;86849;../fake-data/blob/hipster.txt;Granite Metal;2021-09-21T07:27:22;2021-09-21T08:34:09;2021-09-20T22:42:16
10;77038;../fake-data/blob/hipster.txt;Manager Account Human;2021-09-20T17:06:00;2021-09-20T20:28:29;2021-09-21T04:12:06
