id;name;url;created_by;created_date;updated_by;update_date
1;Home European;https://ashlynn.info;edge Heard Account;2021-09-21T12:41:22;2021-09-20T22:20:34;2021-09-21T02:17:09
2;client-driven Checking Lithuanian;https://xander.com;Handmade Practical;2021-09-21T00:20:13;2021-09-21T01:17:05;2021-09-21T08:39:31
3;Virtual;http://magdalen.net;Sleek;2021-09-20T20:02:59;2021-09-21T09:23:45;2021-09-21T12:59:48
4;group violet red;http://jordyn.com;Legacy;2021-09-20T23:39:24;2021-09-21T04:44:32;2021-09-21T03:15:12
5;group;https://karina.net;Account services;2021-09-21T08:39:41;2021-09-21T11:40:01;2021-09-21T02:08:19
6;Markets Burg Tools;https://rachael.org;Identity;2021-09-20T16:41:20;2021-09-20T21:59:57;2021-09-21T00:16:54
7;bypassing Practical;http://logan.com;Orchestrator;2021-09-21T14:55:32;2021-09-20T19:56:07;2021-09-20T16:40:59
8;orchid;http://manley.net;payment Investment;2021-09-20T18:53:07;2021-09-20T20:16:54;2021-09-21T11:43:37
9;Rubber Tennessee;http://ella.org;Auto;2021-09-20T21:48:51;2021-09-20T21:12:43;2021-09-21T07:00:30
10;iterate;https://hunter.name;payment;2021-09-21T00:43:24;2021-09-21T08:08:34;2021-09-20T20:03:54
